ID,State,ADDRESS,Sheet,Week,Order,ADDRESS1,location,point,latitude,longitude
1AB1,"Garrett County, Maryland",1540 PENN POINT,1,AB,1,"1540 PENN POINT, Garrett County, Maryland","1540, Penn Point Road, Garrett County, Maryland, 21550, United States","(39.4679859667983, -79.30870737735493)",39.46798597,-79.30870738
1AB2,"Garrett County, Maryland",495 PENN COVE ROAD,1,AB,2,"495 PENN COVE ROAD, Garrett County, Maryland","495, Penn Cove Road, Garrett County, Maryland, 21550, United States","(39.46733899012339, -79.31634545930561)",39.46733899,-79.31634546
1AB3,"Garrett County, Maryland",445 PENN COVE ROAD,1,AB,3,"445 PENN COVE ROAD, Garrett County, Maryland","445, Penn Cove Road, Garrett County, Maryland, 21550, United States","(39.46734561148642, -79.31733044256482)",39.46734561,-79.31733044
1A4,"Garrett County, Maryland",2407 BOY SCOUT ROAD,1,A,4,"2407 BOY SCOUT ROAD, Garrett County, Maryland","2407, Boy Scout Road, Garrett County, Maryland, 21550, United States","(39.48698366848716, -79.30222436746641)",39.48698367,-79.30222437
1AB5,"Garrett County, Maryland",137 EAGLE SCOUT LANE,1,AB,5,"137 EAGLE SCOUT LANE, Garrett County, Maryland","137, Eagle Scout Lane, Garrett County, Maryland, 21550, United States","(39.488699993275944, -79.30505505121599)",39.48869999,-79.30505505
1AB6,"Garrett County, Maryland",753 HOLY CROSS Road,1,AB,6,"753 HOLY CROSS Road, Garrett County, Maryland","753, Holy Cross Road, Garrett County, Maryland, 21550, United States","(39.47924413266174, -79.30705005361858)",39.47924413,-79.30705005
1AB7,"Garrett County, Maryland",820 HOLY CROSS Road,1,AB,7,"820 HOLY CROSS Road, Garrett County, Maryland","820, Holy Cross Road, Garrett County, Maryland, 21550, United States","(39.48038393877551, -79.30134242857143)",39.48038394,-79.30134243
1AB8,"Garrett County, Maryland",920 HOLY CROSS Road,1,AB,8,"920 HOLY CROSS Road, Garrett County, Maryland","920, Holy Cross Road, Garrett County, Maryland, 21550, United States","(39.47970978520854, -79.29970155567541)",39.47970979,-79.29970156
1A9,"Garrett County, Maryland",47 HOLY CROSS CIRCLE ,1,A,9,"47 HOLY CROSS CIRCLE , Garrett County, Maryland","47, Holy Cross Circle, Garrett County, Maryland, 21550, United States","(39.479887452765105, -79.29825435829531)",39.47988745,-79.29825436
1B10,"Garrett County, Maryland",31 HOLY CROSS CIRCLE,1,B,10,"31 HOLY CROSS CIRCLE, Garrett County, Maryland","31, Holy Cross Circle, Garrett County, Maryland, 21550, United States","(39.479894647988885, -79.29827594396666)",39.47989465,-79.29827594
1AB11,"Garrett County, Maryland",1010 HOLY CROSS CIRCLE,1,AB,11,"1010 HOLY CROSS CIRCLE, Garrett County, Maryland","Holy Cross Circle, Garrett County, Maryland, United States","(39.4797738, -79.2981872)",39.4797738,-79.2981872
1AB12,"Garrett County, Maryland",1048 HOLY CROSS Road,1,AB,12,"1048 HOLY CROSS Road, Garrett County, Maryland","1048, Holy Cross Road, Garrett County, Maryland, 21550, United States","(39.48067302040816, -79.3009450612245)",39.48067302,-79.30094506
1AB13,"Garrett County, Maryland",764 NORTH BLAKESLEE,1,AB,13,"764 NORTH BLAKESLEE, Garrett County, Maryland","764, North Blakeslee Road, Garrett County, Maryland, 21550, United States","(39.47827806640609, -79.30802723343345)",39.47827807,-79.30802723
1A14,"Garrett County, Maryland",864 NORTH BLAKESLEE,1,A,14,"864 NORTH BLAKESLEE, Garrett County, Maryland","864, North Blakeslee Road, Garrett County, Maryland, 21550, United States","(39.47903995714781, -79.30651735773685)",39.47903996,-79.30651736
1AB15,"Garrett County, Maryland",132 SORBUS LANE,1,AB,15,"132 SORBUS LANE, Garrett County, Maryland","132, Sorbus Lane, Garrett County, Maryland, 21550, United States","(39.47494339856177, -79.29786082867578)",39.4749434,-79.29786083
1AB16,"Garrett County, Maryland",595 SOUTH BLAKESLEE,1,AB,16,"595 SOUTH BLAKESLEE, Garrett County, Maryland","595, South Blakeslee Road, Garrett County, Maryland, 21550, United States","(39.47139087632166, -79.30447950373727)",39.47139088,-79.3044795
1B17,"Garrett County, Maryland",285 THORNBERRY ROAD,1,B,17,"285 THORNBERRY ROAD, Garrett County, Maryland","285, Thornberry Road, Garrett County, Maryland, 21550, United States","(39.47479346686381, -79.30157316426956)",39.47479347,-79.30157316
1AB18,"Garrett County, Maryland",289 RANDALL WAY,1,AB,18,"289 RANDALL WAY, Garrett County, Maryland","289, Randall Way, Garrett County, Maryland, 21550, United States","(39.456970827609936, -79.30776817911344)",39.45697083,-79.30776818
1AB19,"Garrett County, Maryland",1087 PERGIN FARM RD,1,AB,19,"1087 PERGIN FARM RD, Garrett County, Maryland","1087, Pergin Farm Road, Garrett County, Maryland, 21550, United States","(39.464054251159716, -79.31415829875289)",39.46405425,-79.3141583
1AB20,"Garrett County, Maryland",51 BLACK ANGUS DR,1,AB,20,"51 BLACK ANGUS DR, Garrett County, Maryland","51, Black Angus Drive, Garrett County, Maryland, 21550, United States","(39.46341584821709, -79.30902300805737)",39.46341585,-79.30902301
2AB1,"Garrett County, Maryland",1841 PYSELL CROSSCUT,2,AB,1,"1841 PYSELL CROSSCUT, Garrett County, Maryland","1841, Pysell Crosscut Road, Garrett County, Maryland, 21550, United States","(39.43950529307559, -79.32614941606943)",39.43950529,-79.32614942
2AB2,"Garrett County, Maryland",33 CRESCENT SHORES,2,AB,2,"33 CRESCENT SHORES, Garrett County, Maryland","33, Crescent Shores Road, Garrett County, Maryland, 21561, United States","(39.46129046776653, -79.29667180544175)",39.46129047,-79.29667181
2AB3,"Garrett County, Maryland",102 CRESCENT SHORES,2,AB,3,"102 CRESCENT SHORES, Garrett County, Maryland","102, Crescent Shores Road, Garrett County, Maryland, 21561, United States","(39.461961285476, -79.29670991532555)",39.46196129,-79.29670992
2B4,"Garrett County, Maryland",3161 TURKEY NECK RD,2,B,4,"3161 TURKEY NECK RD, Garrett County, Maryland","3161, Turkey Neck Road, Garrett County, Maryland, 21561, United States","(39.4754114097526, -79.28763801350547)",39.47541141,-79.28763801
2AB5,"Garrett County, Maryland",3195 TURKEY NECK RD,2,AB,5,"3195 TURKEY NECK RD, Garrett County, Maryland","3195, Turkey Neck Road, Garrett County, Maryland, 21561, United States","(39.475368395196675, -79.28744826953522)",39.4753684,-79.28744827
2AB6,"Garrett County, Maryland",348 YACHT CLUB ROAD ,2,AB,6,"348 YACHT CLUB ROAD , Garrett County, Maryland","348, Yacht Club Road, Garrett County, Maryland, 21561, United States","(39.46752772854269, -79.29319259281404)",39.46752773,-79.29319259
2B7,"Garrett County, Maryland",119 CEDARBROOK lane,2,B,7,"119 CEDARBROOK lane, Garrett County, Maryland","119, Cedarbrook Lane, Garrett County, Maryland, 21561, United States","(39.46894962414136, -79.28780873738522)",39.46894962,-79.28780874
2AB8,"Garrett County, Maryland",594 HICKORY RIDGE road,2,AB,8,"594 HICKORY RIDGE road, Garrett County, Maryland","594, Hickory Ridge Road, Garrett County, Maryland, 21561, United States","(39.45337091275009, -79.30319863407126)",39.45337091,-79.30319863
2AB9,"Garrett County, Maryland",614 HICKORY RIDGE road,2,AB,9,"614 HICKORY RIDGE road, Garrett County, Maryland","614, Hickory Ridge Road, Garrett County, Maryland, 21561, United States","(39.45330501847164, -79.30332343876935)",39.45330502,-79.30332344
2AB10,"Garrett County, Maryland",511 HAZELHURST LANE,2,AB,10,"511 HAZELHURST LANE, Garrett County, Maryland","511, Hazelhurst Lane, Hazelhurst, Garrett County, Maryland, 21561, United States","(39.463679612671115, -79.27577108793895)",39.46367961,-79.27577109
2AB11,"Garrett County, Maryland",595 HAZELHURST TERRACE,2,AB,11,"595 HAZELHURST TERRACE, Garrett County, Maryland","Hazelhurst Terrace, Hazelhurst, Garrett County, Maryland, 21561, United States","(39.4706619, -79.2708423)",39.4706619,-79.2708423
2AB12,"Garrett County, Maryland",62 KUSKIE LANE,2,AB,12,"62 KUSKIE LANE, Garrett County, Maryland","62, Kuskie Lane, Green Glade, Garrett County, Maryland, 21561, United States","(39.47772778760855, -79.26064573188545)",39.47772779,-79.26064573
2AB13,"Garrett County, Maryland",475 MAYBerRY LANE,2,AB,13,"475 MAYBerRY LANE, Garrett County, Maryland","475, Mayberry Lane, Garrett County, Maryland, 21561, United States","(39.482787689433415, -79.25501226034916)",39.48278769,-79.25501226
3AB1,"Garrett County, Maryland",540 TANGLEWOOD road,3,AB,1,"540 TANGLEWOOD road, Garrett County, Maryland","540, Tanglewood Road, Garrett County, Maryland, 21550, United States","(39.41357966277355, -79.43889513906957)",39.41357966,-79.43889514
3AB2,"Garrett County, Maryland",319 RIVERBEND DR.,3,AB,2,"319 RIVERBEND DR., Garrett County, Maryland","319, Riverbend Drive, Garrett County, Maryland, 21550, United States","(39.437325457624084, -79.4105178153321)",39.43732546,-79.41051782
3B3,"Garrett County, Maryland",408 2ND ST,3,B,3,"408 2ND ST, Garrett County, Maryland","2nd Street, Grantsville, Garrett County, Maryland, 21536, United States","(39.696243, -79.1509635)",39.696243,-79.1509635
3AB4,"Garrett County, Maryland",703 PENSINGER BLVD.,3,AB,4,"703 PENSINGER BLVD., Garrett County, Maryland","703, Pensinger Boulevard, Mountain Lake Park, Garrett County, Maryland, 21550, United States","(39.40260527110478, -79.38459794952165)",39.40260527,-79.38459795
3AB5,"Garrett County, Maryland",1865 PARADISE PT. RD.,3,AB,5,"1865 PARADISE PT. RD., Garrett County, Maryland","1865, Paradise Point Road, Garrett County, Maryland, 21550, United States","(39.49461491539691, -79.31556895120163)",39.49461492,-79.31556895
3AB6,"Garrett County, Maryland",1910 PARADISE PT RD,3,AB,6,"1910 PARADISE PT RD, Garrett County, Maryland","1910, Paradise Point Road, Garrett County, Maryland, 21550, United States","(39.49397387547104, -79.31450349076623)",39.49397388,-79.31450349
3B7,"Garrett County, Maryland",1944 PARADISE PT. RD.,3,B,7,"1944 PARADISE PT. RD., Garrett County, Maryland","1944, Paradise Point Road, Garrett County, Maryland, 21550, United States","(39.49363664853726, -79.31401872542511)",39.49363665,-79.31401873
3AB8,"Garrett County, Maryland",2094 PARADISE PT. RD. ,3,AB,8,"2094 PARADISE PT. RD. , Garrett County, Maryland","2094, Paradise Point Road, Garrett County, Maryland, 21550, United States","(39.492064004210235, -79.31204288421856)",39.492064,-79.31204288
3AB9,"Garrett County, Maryland",2427 PARADISE PT. RD. ,3,AB,9,"2427 PARADISE PT. RD. , Garrett County, Maryland","2427, Paradise Point Road, Garrett County, Maryland, 21550, United States","(39.493063259352816, -79.3067838924112)",39.49306326,-79.30678389
3AB10,"Garrett County, Maryland",215 HIDDEN COVE CT.,3,AB,10,"215 HIDDEN COVE CT., Garrett County, Maryland","Hidden Cove Court, Garrett County, Maryland, 21541:21550, United States","(39.4883686, -79.3208784)",39.4883686,-79.3208784
3AB11,"Garrett County, Maryland",280 PARADISE HEIGHTS,3,AB,11,"280 PARADISE HEIGHTS, Garrett County, Maryland","280, Paradise Heights Road, Thayerville, Garrett County, Maryland, 21550, United States","(39.49667459609465, -79.30973456197086)",39.4966746,-79.30973456
3AB12,"Garrett County, Maryland",336 PARADISE HEIGHTS ,3,AB,12,"336 PARADISE HEIGHTS , Garrett County, Maryland","336, Paradise Heights Road, Thayerville, Garrett County, Maryland, 21550, United States","(39.498366, -79.309441)",39.498366,-79.309441
3AB13,"Garrett County, Maryland",94 PARADISE GARDENs RD.,3,AB,13,"94 PARADISE GARDENs RD., Garrett County, Maryland","94, Paradise Gardens Road, Garrett County, Maryland, 21550, United States","(39.50336736333394, -79.31204122422226)",39.50336736,-79.31204122
3AB14,"Garrett County, Maryland",19906 GARRETT HWY,3,AB,14,"19906 GARRETT HWY, Garrett County, Maryland","19906, Garrett Highway, Thayerville, Garrett County, Maryland, 21550, United States","(39.505993828319774, -79.32493905722674)",39.50599383,-79.32493906
3AB15,"Garrett County, Maryland",19906 GARRETT HWY ,3,AB,15,"19906 GARRETT HWY , Garrett County, Maryland","19906, Garrett Highway, Thayerville, Garrett County, Maryland, 21550, United States","(39.505993828319774, -79.32493905722674)",39.50599383,-79.32493906
3AB16,"Garrett County, Maryland",338 MountianVIEW DR.,3,AB,16,"338 MountianVIEW DR., Garrett County, Maryland",,,,
3AB17,"Garrett County, Maryland",558 MountainVIEW DR.,3,AB,17,"558 MountainVIEW DR., Garrett County, Maryland","558, Mountainview Drive, Garrett County, Maryland, 21550, United States","(39.51712229885913, -79.33548190837037)",39.5171223,-79.33548191
3AB18,"Garrett County, Maryland",1755 MountainVIEW DR.,3,AB,18,"1755 MountainVIEW DR., Garrett County, Maryland","1755, Mountainview Drive, Garrett County, Maryland, 21550, United States","(39.513997193148626, -79.33008433579542)",39.51399719,-79.33008434
3AB19,"Garrett County, Maryland",117 JEFFREY LANE,3,AB,19,"117 JEFFREY LANE, Garrett County, Maryland","117, Jeffrey Lane, Garrett County, Maryland, 21550, United States","(39.521923472902415, -79.33490744038531)",39.52192347,-79.33490744
4AB1,"Garrett County, Maryland",15 PINNACLE dr,4,AB,1,"15 PINNACLE dr, Garrett County, Maryland","15, Pinnacle Drive, Garrett County, Maryland, 21561, United States","(39.505320644891, -79.30372735707562)",39.50532064,-79.30372736
4AB2,"Garrett County, Maryland",560 PINNACLE dr,4,AB,2,"560 PINNACLE dr, Garrett County, Maryland","560, Pinnacle Drive, Garrett County, Maryland, 21561, United States","(39.50527121160417, -79.30443873798124)",39.50527121,-79.30443874
4AB3,"Garrett County, Maryland",55 DRIFTWOOD DR.,4,AB,3,"55 DRIFTWOOD DR., Garrett County, Maryland","55, Driftwood Drive, Garrett County, Maryland, 21561, United States","(39.503255259721634, -79.30538254269776)",39.50325526,-79.30538254
4AB4,"Garrett County, Maryland",236 GLEN COVE RD.,4,AB,4,"236 GLEN COVE RD., Garrett County, Maryland","236, Glen Cove Road, Garrett County, Maryland, 21561, United States","(39.503347154942034, -79.30064290027484)",39.50334715,-79.3006429
4B5,"Garrett County, Maryland",26 GLEN COVE ,4,B,5,"26 GLEN COVE , Garrett County, Maryland","26, Glen Cove Road, Garrett County, Maryland, 21561, United States","(39.503180258198576, -79.30468070567422)",39.50318026,-79.30468071
4AB6,"Garrett County, Maryland",956  Beckmans Peninsula Road,4,AB,6,"956  Beckmans Peninsula Road, Garrett County, Maryland","956, Beckmans Peninsula Road, Garrett County, Maryland, 21561, United States","(39.496359, -79.296672)",39.496359,-79.296672
4AB7,"Garrett County, Maryland",915  Beckmans Peninsula Road,4,AB,7,"915  Beckmans Peninsula Road, Garrett County, Maryland","915, Beckmans Peninsula Road, Garrett County, Maryland, 21561, United States","(39.495975625, -79.2966368125)",39.49597563,-79.29663681
4AB8,"Garrett County, Maryland",59 GLENRISE RD,4,AB,8,"59 GLENRISE RD, Garrett County, Maryland","59, Glenrise Road, Garrett County, Maryland, 21561, United States","(39.50410950169145, -79.29511476224796)",39.5041095,-79.29511476
4B9,"Garrett County, Maryland",354 WHITE OAK DR,4,B,9,"354 WHITE OAK DR, Garrett County, Maryland","354, White Oak Drive, Garrett County, Maryland, 21561, United States","(39.49717466184949, -79.28951526156612)",39.49717466,-79.28951526
4B10,"Garrett County, Maryland",123 GLENWOOD CIRCLE,4,B,10,"123 GLENWOOD CIRCLE, Garrett County, Maryland","123, Glenwood Circle, Garrett County, Maryland, 21561, United States","(39.50923566907842, -79.28521943356454)",39.50923567,-79.28521943
4AB11,"Garrett County, Maryland",154 STILLWATER,4,AB,11,"154 STILLWATER, Garrett County, Maryland","154, Stillwater Road, Garrett County, Maryland, 21561, United States","(39.50741180100328, -79.28583463460068)",39.5074118,-79.28583463
4AB12,"Garrett County, Maryland",50 STILLWATER,4,AB,12,"50 STILLWATER, Garrett County, Maryland","50, Stillwater Road, Garrett County, Maryland, 21561, United States","(39.50735308428438, -79.28416951656936)",39.50735308,-79.28416952
4AB13,"Garrett County, Maryland",2578 GLENDALE ROAD,4,AB,13,"2578 GLENDALE ROAD, Garrett County, Maryland","2578, Glendale Road, Garrett County, Maryland, 21561, United States","(39.51059257518915, -79.28786142837593)",39.51059258,-79.28786143
4AB14,"Garrett County, Maryland",3390 GLENDALE RD ,4,AB,14,"3390 GLENDALE RD , Garrett County, Maryland","3390, Glendale Road, Garrett County, Maryland, 21561, United States","(39.516345094695865, -79.27413751318724)",39.51634509,-79.27413751
4AB15,"Garrett County, Maryland",4755 GLENDALE RD,4,AB,15,"4755 GLENDALE RD, Garrett County, Maryland","4755, Glendale Road, Garrett County, Maryland, 21561, United States","(39.530387689006545, -79.24685622292402)",39.53038769,-79.24685622
4AB16,"Garrett County, Maryland",368 LAKEFRONT LINKS,4,AB,16,"368 LAKEFRONT LINKS, Garrett County, Maryland","368, Lakefront Links Drive, Garrett County, Maryland, 21561, United States","(39.50739473727929, -79.27893103623308)",39.50739474,-79.27893104
4AB17,"Garrett County, Maryland",439 LAKEFRONT LINKS,4,AB,17,"439 LAKEFRONT LINKS, Garrett County, Maryland","439, Lakefront Links Drive, Garrett County, Maryland, 21561, United States","(39.50916528860932, -79.27762685984632)",39.50916529,-79.27762686
4AB18,"Garrett County, Maryland",316 MOONRISE DR.,4,AB,18,"316 MOONRISE DR., Garrett County, Maryland","316, Moonrise Drive, Garrett County, Maryland, 21561, United States","(39.507229076048, -79.27403941924003)",39.50722908,-79.27403942
4B19,"Garrett County, Maryland",539 HARVEY PENINSULA RD,4,B,19,"539 HARVEY PENINSULA RD, Garrett County, Maryland","539, Harvey Peninsula Road, Garrett County, Maryland, 21561, United States","(39.503368467310544, -79.27194369153048)",39.50336847,-79.27194369
4AB20,"Garrett County, Maryland",653 HARVEY PENINSULA RD.,4,AB,20,"653 HARVEY PENINSULA RD., Garrett County, Maryland","653, Harvey Peninsula Road, Garrett County, Maryland, 21561, United States","(39.50400579782106, -79.2708663485615)",39.5040058,-79.27086635
4AB21,"Garrett County, Maryland",327 NORTH SHORE,4,AB,21,"327 NORTH SHORE, Garrett County, Maryland","327, North Shore Drive, Garrett County, Maryland, 21561, United States","(39.5025892407443, -79.27855647473972)",39.50258924,-79.27855647
4B22,"Garrett County, Maryland",114 SOUTH SHORE RD.,4,B,22,"114 SOUTH SHORE RD., Garrett County, Maryland","114, South Shore Road, Garrett County, Maryland, 21561, United States","(39.50291113586116, -79.27247639245266)",39.50291114,-79.27247639
4AB23,"Garrett County, Maryland",309 NORTH SHORE DRIVE ,4,AB,23,"309 NORTH SHORE DRIVE , Garrett County, Maryland","309, North Shore Drive, Garrett County, Maryland, 21561, United States","(39.50245829990066, -79.27884998516642)",39.5024583,-79.27884999
4AB24,"Garrett County, Maryland",16 ROUND BEACH CIRCLE,4,AB,24,"16 ROUND BEACH CIRCLE, Garrett County, Maryland","16, Round Beach Circle Drive, Garrett County, Maryland, 21561, United States","(39.49912853607123, -79.28207406879056)",39.49912854,-79.28207407
4AB25,"Garrett County, Maryland",60 ROUND BEACH,4,AB,25,"60 ROUND BEACH, Garrett County, Maryland","60, Round Beach Circle Drive, Garrett County, Maryland, 21561, United States","(39.49854894782502, -79.28142375075352)",39.49854895,-79.28142375
4AB26,"Garrett County, Maryland",68 ROUND BEACH,4,AB,26,"68 ROUND BEACH, Garrett County, Maryland","68, Round Beach Circle Drive, Garrett County, Maryland, 21561, United States","(39.49855671845081, -79.28125191544858)",39.49855672,-79.28125192
4AB27,"Garrett County, Maryland",391 Hines DR.,4,AB,27,"391 Hines DR., Garrett County, Maryland","391, Hines Drive, Garrett County, Maryland, 21561, United States","(39.50901398685942, -79.25975215305203)",39.50901399,-79.25975215
4B28,"Garrett County, Maryland",71  Northglade Hill Drive,4,B,28,"71  Northglade Hill Drive, Garrett County, Maryland","71, Northglade Hill Drive, Garrett County, Maryland, 21561, United States","(39.50792479480118, -79.25618232885375)",39.50792479,-79.25618233
5AB1,"Garrett County, Maryland",34 HIDDEN VALLEY LANE,5,AB,1,"34 HIDDEN VALLEY LANE, Garrett County, Maryland","34, Hidden Valley Lane, Garrett County, Maryland, 21561, United States","(39.49261079840201, -79.2625904939502)",39.4926108,-79.26259049
5AB2,"Garrett County, Maryland",336 WOODLAND WAY ,5,AB,2,"336 WOODLAND WAY , Garrett County, Maryland","336, Woodland Way, Garrett County, Maryland, 21561, United States","(39.493719933354015, -79.26779883683747)",39.49371993,-79.26779884
5AB3,"Garrett County, Maryland",115 WOODLAND WAY ,5,AB,3,"115 WOODLAND WAY , Garrett County, Maryland","115, Woodland Way, Garrett County, Maryland, 21561, United States","(39.49333786153111, -79.26319448332703)",39.49333786,-79.26319448
5AB4,"Garrett County, Maryland",41 RIDGE ROAD,5,AB,4,"41 RIDGE ROAD, Garrett County, Maryland","41, Ridge Road, Garrett County, Maryland, 21561, United States","(39.49301856855102, -79.26579088130933)",39.49301857,-79.26579088
5AB5,"Garrett County, Maryland",42 HIGH POINT DRIVE ,5,AB,5,"42 HIGH POINT DRIVE , Garrett County, Maryland","42, High Point Drive, Garrett County, Maryland, 21561, United States","(39.49598834544649, -79.26461608301953)",39.49598835,-79.26461608
5AB6,"Garrett County, Maryland",1041 SKY VALLEY ROAD ,5,AB,6,"1041 SKY VALLEY ROAD , Garrett County, Maryland","Sky Valley Road, Garrett County, Maryland, 21561, United States","(39.4901822, -79.2541047)",39.4901822,-79.2541047
5AB7,"Garrett County, Maryland",655 SKY VALLEY DRIVE,5,AB,7,"655 SKY VALLEY DRIVE, Garrett County, Maryland","655, Sky Valley Drive, Garrett County, Maryland, 21561, United States","(39.497875413781685, -79.26266841474519)",39.49787541,-79.26266841
5AB8,"Garrett County, Maryland",610 TRACI LANE,5,AB,8,"610 TRACI LANE, Garrett County, Maryland","610, Traci Lane, Garrett County, Maryland, 21561, United States","(39.50427328737966, -79.2573140649762)",39.50427329,-79.25731406
5AB9,"Garrett County, Maryland",11 VALLEY VIEW,5,AB,9,"11 VALLEY VIEW, Garrett County, Maryland","11, Valley View Drive, Garrett County, Maryland, 21561, United States","(39.49513291526877, -79.26085466770733)",39.49513292,-79.26085467
5AB10,"Garrett County, Maryland",585 SUMMIT DRIVE ,5,AB,10,"585 SUMMIT DRIVE , Garrett County, Maryland","585, Summit Drive, Garrett County, Maryland, 21561, United States","(39.49428352572607, -79.25313835959552)",39.49428353,-79.25313836
5AB11,"Garrett County, Maryland",201 SAWMILL HOLLOW RD,5,AB,11,"201 SAWMILL HOLLOW RD, Garrett County, Maryland","201, Sawmill Hollow Road, Garrett County, Maryland, 21561, United States","(39.493672, -79.271583)",39.493672,-79.271583
5AB12,"Garrett County, Maryland",218 SMITH POINT,5,AB,12,"218 SMITH POINT, Garrett County, Maryland","218, Smith Point Road, Garrett County, Maryland, 21561, United States","(39.49247729400728, -79.29469608252218)",39.49247729,-79.29469608
5AB13,"Garrett County, Maryland",43 red oak way,5,AB,13,"43 red oak way, Garrett County, Maryland","43, Red Oak Way, Garrett County, Maryland, 21561, United States","(39.49537003786243, -79.28206944180006)",39.49537004,-79.28206944
5AB14,"Garrett County, Maryland",55 red oak way,5,AB,14,"55 red oak way, Garrett County, Maryland","55, Red Oak Way, Garrett County, Maryland, 21561, United States","(39.49544866623058, -79.28197809063226)",39.49544867,-79.28197809
5B15,"Garrett County, Maryland",101 red oak way,5,B,15,"101 red oak way, Garrett County, Maryland","101, Red Oak Way, Garrett County, Maryland, 21561, United States","(39.495698, -79.27868)",39.495698,-79.27868
5AB16,"Garrett County, Maryland",178 SMITH POINT rD,5,AB,16,"178 SMITH POINT rD, Garrett County, Maryland","Smith Point Road, Garrett County, Maryland, 21561, United States","(39.4921643, -79.2937555)",39.4921643,-79.2937555
5AB17,"Garrett County, Maryland",90 RED OAK WAY,5,AB,17,"90 RED OAK WAY, Garrett County, Maryland","90, Red Oak Way, Garrett County, Maryland, 21561, United States","(39.49581453808904, -79.28013569368753)",39.49581454,-79.28013569
5AB18,"Garrett County, Maryland",37 SPRING CREEK LANE,5,AB,18,"37 SPRING CREEK LANE, Garrett County, Maryland","37, Spring Creek Lane, Garrett County, Maryland, 21561, United States","(39.495303750000005, -79.28466296748516)",39.49530375,-79.28466297
5AB19,"Garrett County, Maryland",294 NORTH SHORELINE DRIVE,5,AB,19,"294 NORTH SHORELINE DRIVE, Garrett County, Maryland","294, North Shoreline Drive, Garrett County, Maryland, 21561, United States","(39.49253565927996, -79.29110104795048)",39.49253566,-79.29110105
5B20,"Garrett County, Maryland",245 SOUTH SHORE POINT rd,5,B,20,"245 SOUTH SHORE POINT rd, Garrett County, Maryland","245 SOUTH SHORE POINT rd, Garrett County, Maryland","(39.48648814179523, -79.26460068697385)",39.48648814,-79.26460069
5AB21,"Garrett County, Maryland",625 SHORELINE DR,5,AB,21,"625 SHORELINE DR, Garrett County, Maryland","625, Shoreline Drive, Garrett County, Maryland, 21561, United States","(39.48594865414105, -79.27751573053006)",39.48594865,-79.27751573
5AB22,"Garrett County, Maryland",161 POLAND LANE,5,AB,22,"161 POLAND LANE, Garrett County, Maryland","161, Poland Lane, Garrett County, Maryland, 21561, United States","(39.48038676476347, -79.28304387678257)",39.48038676,-79.28304388
5AB23,"Garrett County, Maryland",1635 SHORELINE DR. ,5,AB,23,"1635 SHORELINE DR. , Garrett County, Maryland","1635, Shoreline Drive, Garrett County, Maryland, 21561, United States","(39.48684286192583, -79.29205230040832)",39.48684286,-79.2920523
5AB24,"Garrett County, Maryland",1655 SHORELINE DR.,5,AB,24,"1655 SHORELINE DR., Garrett County, Maryland","1655, Shoreline Drive, Garrett County, Maryland, 21561, United States","(39.48703999893814, -79.2924282113117)",39.48704,-79.29242821
5AB25,"Garrett County, Maryland",543 SHORELINE DR. ,5,AB,25,"543 SHORELINE DR. , Garrett County, Maryland","543, Shoreline Drive, Garrett County, Maryland, 21561, United States","(39.48651241380513, -79.27833679292301)",39.48651241,-79.27833679
5AB26,"Garrett County, Maryland",1326 THOUSAND ACRES rd.,5,AB,26,"1326 THOUSAND ACRES rd., Garrett County, Maryland","1326, Thousand Acres Road, Garrett County, Maryland, 21561, United States","(39.482636066746515, -79.27699623986825)",39.48263607,-79.27699624
5B27,"Garrett County, Maryland",1340 THOUSAND ACRES rd,5,B,27,"1340 THOUSAND ACRES rd, Garrett County, Maryland","1340, Thousand Acres Road, Garrett County, Maryland, 21561, United States","(39.482691532479684, -79.27690472140853)",39.48269153,-79.27690472
5B28,"Garrett County, Maryland",543 CROWS POINT RD,5,B,28,"543 CROWS POINT RD, Garrett County, Maryland","543, Crows Point Road, Hazelhurst, Garrett County, Maryland, 21561, United States","(39.48043242124517, -79.26775768733009)",39.48043242,-79.26775769
5AB29,"Garrett County, Maryland",827 CROWS POINT RD.,5,AB,29,"827 CROWS POINT RD., Garrett County, Maryland","827, Crows Point Road, Hazelhurst, Garrett County, Maryland, 21561, United States","(39.47939620458089, -79.26902706652457)",39.4793962,-79.26902707
5AB30,"Garrett County, Maryland",898 CROWS POINT RD.,5,AB,30,"898 CROWS POINT RD., Garrett County, Maryland","898, Crows Point Road, Hazelhurst, Garrett County, Maryland, 21561, United States","(39.47675916666667, -79.27210316666667)",39.47675917,-79.27210317
5AB31,"Garrett County, Maryland",972 CROWS POINT RD.,5,AB,31,"972 CROWS POINT RD., Garrett County, Maryland","972, Crows Point Road, Hazelhurst, Garrett County, Maryland, 21561, United States","(39.47597848837209, -79.27354327906977)",39.47597849,-79.27354328
6AB1,"Garrett County, Maryland",297 GILA TRAIL,6,AB,1,"297 GILA TRAIL, Garrett County, Maryland","297, Gila Trail, Garrett County, Maryland, 21550, United States","(39.52524233389802, -79.34508132881585)",39.52524233,-79.34508133
6AB2,"Garrett County, Maryland",3164 LAKE SHORE DRIVE,6,AB,2,"3164 LAKE SHORE DRIVE, Garrett County, Maryland","3164, Lake Shore Drive, McComas Beach, Garrett County, Maryland, 21550, United States","(39.52427619825362, -79.35105079236578)",39.5242762,-79.35105079
6AB3,"Garrett County, Maryland",3101 LAKE SHORE DRIVE,6,AB,3,"3101 LAKE SHORE DRIVE, Garrett County, Maryland","3101, Lake Shore Drive, McComas Beach, Garrett County, Maryland, 21550, United States","(39.5238885478261, -79.3518068673913)",39.52388855,-79.35180687
6AB4,"Garrett County, Maryland",2799 LAKE SHORE DRIVE,6,AB,4,"2799 LAKE SHORE DRIVE, Garrett County, Maryland","2799, Lake Shore Drive, McComas Beach, Garrett County, Maryland, 21550, United States","(39.5198506128061, -79.35132206372782)",39.51985061,-79.35132206
6AB5,"Garrett County, Maryland",108 EDGEWATER DRIVE,6,AB,5,"108 EDGEWATER DRIVE, Garrett County, Maryland","108, Edgewater Drive, Garrett County, Maryland, 21550, United States","(39.516487282741174, -79.35274522565774)",39.51648728,-79.35274523
6AB6,"Garrett County, Maryland",4 TREETOP WAY,6,AB,6,"4 TREETOP WAY, Garrett County, Maryland","4, Treetop Way, Garrett County, Maryland, 21550, United States","(39.51944649692711, -79.3468071479149)",39.5194465,-79.34680715
6AB7,"Garrett County, Maryland",321 TREETOP WAY,6,AB,7,"321 TREETOP WAY, Garrett County, Maryland","321, Treetop Way, Garrett County, Maryland, 21550, United States","(39.51904575850827, -79.3426071715958)",39.51904576,-79.34260717
6AB8,"Garrett County, Maryland",185 LEHMAN LANE,6,AB,8,"185 LEHMAN LANE, Garrett County, Maryland","185, Lehman Lane, Garrett County, Maryland, 21550, United States","(39.515553863906106, -79.34748993164814)",39.51555386,-79.34748993
6B9,"Garrett County, Maryland",2505 LAKE SHORE DRIVE,6,B,9,"2505 LAKE SHORE DRIVE, Garrett County, Maryland","2505, Lake Shore Drive, McComas Beach, Garrett County, Maryland, 21550, United States","(39.51712444173523, -79.35198263438983)",39.51712444,-79.35198263
6AB10,"Garrett County, Maryland",2395 LAKE SHORE DRIVE ,6,AB,10,"2395 LAKE SHORE DRIVE , Garrett County, Maryland","2395, Lake Shore Drive, McComas Beach, Garrett County, Maryland, 21550, United States","(39.51629183240909, -79.35366039468579)",39.51629183,-79.35366039
6AB11,"Garrett County, Maryland",2203 LAKE SHORE DRIVE ,6,AB,11,"2203 LAKE SHORE DRIVE , Garrett County, Maryland","2203, Lake Shore Drive, McComas Beach, Garrett County, Maryland, 21550, United States","(39.51391278912944, -79.35531196823695)",39.51391279,-79.35531197
6AB12,"Garrett County, Maryland",2181 LAKE SHORE DRIVE,6,AB,12,"2181 LAKE SHORE DRIVE, Garrett County, Maryland","2181, Lake Shore Drive, McComas Beach, Garrett County, Maryland, 21550, United States","(39.51363290552832, -79.35549127802679)",39.51363291,-79.35549128
6AB13,"Garrett County, Maryland",2031 LAKE SHORE DRIVE,6,AB,13,"2031 LAKE SHORE DRIVE, Garrett County, Maryland","2031, Lake Shore Drive, McComas Beach, Garrett County, Maryland, 21550, United States","(39.51134488720215, -79.3563182367815)",39.51134489,-79.35631824
6AB14,"Garrett County, Maryland",1319 LAKE SHORE DRIVE,6,AB,14,"1319 LAKE SHORE DRIVE, Garrett County, Maryland","1319, Lake Shore Drive, McComas Beach, Garrett County, Maryland, 21550, United States","(39.50527031036373, -79.36077561081153)",39.50527031,-79.36077561
6AB15,"Garrett County, Maryland",959 LAKE SHORE DRIVE,6,AB,15,"959 LAKE SHORE DRIVE, Garrett County, Maryland","959, Lake Shore Drive, McComas Beach, Garrett County, Maryland, 21550, United States","(39.50585832506534, -79.36655090571077)",39.50585833,-79.36655091
6AB16,"Garrett County, Maryland",613 LAKE SHORE DRIVE,6,AB,16,"613 LAKE SHORE DRIVE, Garrett County, Maryland","613, Lake Shore Drive, McComas Beach, Garrett County, Maryland, 21550, United States","(39.500928769413306, -79.36790980756757)",39.50092877,-79.36790981
6B17,"Garrett County, Maryland",551 LAKE SHORE DRIVE,6,B,17,"551 LAKE SHORE DRIVE, Garrett County, Maryland","551, Lake Shore Drive, McComas Beach, Garrett County, Maryland, 21550, United States","(39.499879503438535, -79.36848675469626)",39.4998795,-79.36848675
6AB18,"Garrett County, Maryland",441 LAKE SHORE DRIVE,6,AB,18,"441 LAKE SHORE DRIVE, Garrett County, Maryland","441, Lake Shore Drive, McComas Beach, Garrett County, Maryland, 21550, United States","(39.4968151067103, -79.36950422602493)",39.49681511,-79.36950423
7AB1,"Garrett County, Maryland",105 CHERRY HEIGHTS LANE,7,AB,1,"105 CHERRY HEIGHTS LANE, Garrett County, Maryland","105, Cherry Heights Lane, Garrett County, Maryland, 21541, United States","(39.53126716974362, -79.34072507802206)",39.53126717,-79.34072508
7AB2,"Garrett County, Maryland",880 ROCK LODGE,7,AB,2,"880 ROCK LODGE, Garrett County, Maryland","880, Rock Lodge Road, Garrett County, Maryland, 21541, United States","(39.527899098318876, -79.33273147179338)",39.5278991,-79.33273147
7AB3,"Garrett County, Maryland",1080 ROCK LODGE RD ,7,AB,3,"1080 ROCK LODGE RD , Garrett County, Maryland","1080, Rock Lodge Road, Garrett County, Maryland, 21541, United States","(39.5257976702816, -79.32827483615236)",39.52579767,-79.32827484
7AB4,"Garrett County, Maryland",1116 ROCK LODGE RD,7,AB,4,"1116 ROCK LODGE RD, Garrett County, Maryland","1116, Rock Lodge Road, Garrett County, Maryland, 21541, United States","(39.525483, -79.32772)",39.525483,-79.32772
7AB5,"Garrett County, Maryland",139 OVERLOOK TERRACE,7,AB,5,"139 OVERLOOK TERRACE, Garrett County, Maryland","139, Overlook Terrace, Garrett County, Maryland, 21541, United States","(39.52592932008501, -79.3247120567785)",39.52592932,-79.32471206
7AB6,"Garrett County, Maryland",1226 ROCK LODGE RD,7,AB,6,"1226 ROCK LODGE RD, Garrett County, Maryland","1226, Rock Lodge Road, Garrett County, Maryland, 21541, United States","(39.524519411188024, -79.32638166605659)",39.52451941,-79.32638167
7AB7,"Garrett County, Maryland",2354 ROCK LODGE RD,7,AB,7,"2354 ROCK LODGE RD, Garrett County, Maryland","2354, Rock Lodge Road, Garrett County, Maryland, 21541, United States","(39.53765728199723, -79.31714389413693)",39.53765728,-79.31714389
7AB8,"Garrett County, Maryland",308 STATE PARK ROAD,7,AB,8,"308 STATE PARK ROAD, Garrett County, Maryland","308, State Park Road, Garrett County, Maryland, 21561, United States","(39.50841848087594, -79.30620215666356)",39.50841848,-79.30620216
7AB9,"Garrett County, Maryland",2147 STATE PARK ROAD,7,AB,9,"2147 STATE PARK ROAD, Garrett County, Maryland","2147, State Park Road, Garrett County, Maryland, 21561, United States","(39.523473158759764, -79.31967593170218)",39.52347316,-79.31967593
7B10,"Garrett County, Maryland",153 LAUREL LANE,7,B,10,"153 LAUREL LANE, Garrett County, Maryland","153, Laurel Lane, Garrett County, Maryland, 21561, United States","(39.510697963924166, -79.29656816392989)",39.51069796,-79.29656816
7AB11,"Garrett County, Maryland",189 TOOTH PICK ROAD,7,AB,11,"189 TOOTH PICK ROAD, Garrett County, Maryland","189, Tooth Pick Road, Garrett County, Maryland, 21561, United States","(39.5097923102527, -79.29877059589033)",39.50979231,-79.2987706
7B12,"Garrett County, Maryland",32 ROBERTS DR.,7,B,12,"32 ROBERTS DR., Garrett County, Maryland","32, Roberts Drive, McHenry, Garrett County, Maryland, 21541, United States","(39.56408844417603, -79.35893994874893)",39.56408844,-79.35893995
7AB13,"Garrett County, Maryland",1941 DEEP CREEK DRIVE,7,AB,13,"1941 DEEP CREEK DRIVE, Garrett County, Maryland","1941, Deep Creek Drive, McHenry, Garrett County, Maryland, 21541, United States","(39.55618918679072, -79.35264843412767)",39.55618919,-79.35264843
7AB14,"Garrett County, Maryland",1657 DEEP CREEK DRIVE,7,AB,14,"1657 DEEP CREEK DRIVE, Garrett County, Maryland","1657, Deep Creek Drive, McHenry, Garrett County, Maryland, 21541, United States","(39.551856493162276, -79.35111634726434)",39.55185649,-79.35111635
7B15,"Garrett County, Maryland",#10 CEDAR SHORES ,7,B,15,"#10 CEDAR SHORES , Garrett County, Maryland","10, Cedar Shores Drive, McHenry, Garrett County, Maryland, 21541, United States","(39.54835893650287, -79.352051492023)",39.54835894,-79.35205149
7AB16,"Garrett County, Maryland",#5 CEDAR SHORES ,7,AB,16,"#5 CEDAR SHORES , Garrett County, Maryland","5, Cedar Shores Drive, McHenry, Garrett County, Maryland, 21541, United States","(39.54853248567835, -79.35206340352192)",39.54853249,-79.3520634
7AB17,"Garrett County, Maryland",99 Cedar shores drive,7,AB,17,"99 Cedar shores drive, Garrett County, Maryland","99, Cedar Shores Drive, McHenry, Garrett County, Maryland, 21541, United States","(39.547898, -79.351253)",39.547898,-79.351253
7AB18,"Garrett County, Maryland",729 DEEP CREEK DRIVE  ,7,AB,18,"729 DEEP CREEK DRIVE  , Garrett County, Maryland","729, Deep Creek Drive, McHenry, Garrett County, Maryland, 21541, United States","(39.53908438961794, -79.34903553151675)",39.53908439,-79.34903553
8AB1,"Garrett County, Maryland",39 LAKeVIEW COURT,8,AB,1,"39 LAKeVIEW COURT, Garrett County, Maryland","39, Lakeview Court, McHenry, Garrett County, Maryland, 21541, United States","(39.54992179574145, -79.36006561222084)",39.5499218,-79.36006561
8AB2,"Garrett County, Maryland",39 WINDING WAY,8,AB,2,"39 WINDING WAY, Garrett County, Maryland","39, Winding Way, McHenry, Garrett County, Maryland, 21541, United States","(39.54836839560431, -79.36370603453692)",39.5483684,-79.36370603
8AB3,"Garrett County, Maryland",5 WINDING WAY,8,AB,3,"5 WINDING WAY, Garrett County, Maryland","5, Winding Way, McHenry, Garrett County, Maryland, 21541, United States","(39.54932645519274, -79.36331822514687)",39.54932646,-79.36331823
8AB4,"Garrett County, Maryland",117 RED BRUSH ,8,AB,4,"117 RED BRUSH , Garrett County, Maryland","117, Red Brush Drive, Garrett County, Maryland, 21541, United States","(39.561947676826854, -79.3794960085303)",39.56194768,-79.37949601
8A5,"Garrett County, Maryland",82 AspEN COURT,8,A,5,"82 AspEN COURT, Garrett County, Maryland","Aspen Court, Garrett County, Maryland, 21541, United States","(39.5711472, -79.3870639)",39.5711472,-79.3870639
8AB6,"Garrett County, Maryland",257 MARSH HILL ROAD ,8,AB,6,"257 MARSH HILL ROAD , Garrett County, Maryland","257, Marsh Hill Road, McHenry, Garrett County, Maryland, 21541, United States","(39.55810876093266, -79.36107277220432)",39.55810876,-79.36107277
8AB7,"Garrett County, Maryland",257 MARSH HILL ROAD ,8,AB,7,"257 MARSH HILL ROAD , Garrett County, Maryland","257, Marsh Hill Road, McHenry, Garrett County, Maryland, 21541, United States","(39.55810876093266, -79.36107277220432)",39.55810876,-79.36107277
8AB8,"Garrett County, Maryland",549 MARSH HILL ROAD ,8,AB,8,"549 MARSH HILL ROAD , Garrett County, Maryland","549, Marsh Hill Road, McHenry, Garrett County, Maryland, 21541, United States","(39.55432815050471, -79.35906006506691)",39.55432815,-79.35906007
8AB9,"Garrett County, Maryland",465 MARSH HILL RD,8,AB,9,"465 MARSH HILL RD, Garrett County, Maryland","465, Marsh Hill Road, McHenry, Garrett County, Maryland, 21541, United States","(39.55315528892905, -79.35904024484384)",39.55315529,-79.35904024
8AB10,"Garrett County, Maryland",607 MARSH HILL ROAD,8,AB,10,"607 MARSH HILL ROAD, Garrett County, Maryland","607, Marsh Hill Road, McHenry, Garrett County, Maryland, 21541, United States","(39.555136967310105, -79.35908888906278)",39.55513697,-79.35908889
8A11,"Garrett County, Maryland",985 MARSH HILL ROAD ,8,A,11,"985 MARSH HILL ROAD , Garrett County, Maryland","985, Marsh Hill Road, McHenry, Garrett County, Maryland, 21541, United States","(39.546101, -79.359314)",39.546101,-79.359314
8AB12,"Garrett County, Maryland",,8,AB,12,,"Nanno, Ville d'Anaunia, Comunità della Val di Non, Provincia di Trento, Trentino-Alto Adige/Südtirol, 38012, Italia","(46.3144754, 11.0480288)",46.3144754,11.0480288
8AB13,"Garrett County, Maryland",1119 MARSH HILL ROAD,8,AB,13,"1119 MARSH HILL ROAD, Garrett County, Maryland","1119, Marsh Hill Road, McHenry, Garrett County, Maryland, 21541, United States","(39.53969749782816, -79.35485033462805)",39.5396975,-79.35485033
8AB14,"Garrett County, Maryland",1404 MARSH HILL ROAD,8,AB,14,"1404 MARSH HILL ROAD, Garrett County, Maryland","1404, Marsh Hill Road, McHenry, Garrett County, Maryland, 21541, United States","(39.542657822948556, -79.35799797471697)",39.54265782,-79.35799797
8AB15,"Garrett County, Maryland",1699 MARSH HILL ROAD,8,AB,15,"1699 MARSH HILL ROAD, Garrett County, Maryland","1699, Marsh Hill Road, McHenry, Garrett County, Maryland, 21541, United States","(39.538952762234345, -79.35403328753911)",39.53895276,-79.35403329
8AB16,"Garrett County, Maryland",2495 MARSH HILL ROAD,8,AB,16,"2495 MARSH HILL ROAD, Garrett County, Maryland","2495, Marsh Hill Road, McHenry, Garrett County, Maryland, 21541, United States","(39.53567091693831, -79.35139895811419)",39.53567092,-79.35139896
8A17,"Garrett County, Maryland",2777 MARSH HILL ROAD,8,A,17,"2777 MARSH HILL ROAD, Garrett County, Maryland","2777, Marsh Hill Road, McHenry, Garrett County, Maryland, 21541, United States","(39.52929958165424, -79.3572697292519)",39.52929958,-79.35726973
8AB18,"Garrett County, Maryland",50 BRIGHT PASSAGE,8,AB,18,"50 BRIGHT PASSAGE, Garrett County, Maryland","50, Bright Passage, Garrett County, Maryland, 21541, United States","(39.54301874332098, -79.36258964599259)",39.54301874,-79.36258965
9AB1,"Garrett County, Maryland",22181 GARRETT HWY,9,AB,1,"22181 GARRETT HWY, Garrett County, Maryland","22181, Garrett Highway, Garrett County, Maryland, 21541, United States","(39.52967113638646, -79.34549909484984)",39.52967114,-79.34549909
9B2,"Garrett County, Maryland",420 AIKEN MILLER RD,9,B,2,"420 AIKEN MILLER RD, Garrett County, Maryland","420, Aiken Miller Road, Garrett County, Maryland, 21520, United States","(39.59907390086278, -79.30520538839491)",39.5990739,-79.30520539
9AB3,"Garrett County, Maryland",1487 PYSELL ROAD ,9,AB,3,"1487 PYSELL ROAD , Garrett County, Maryland","Pysell Road, McHenry, Garrett County, Maryland, 21541, United States","(39.570383, -79.3518657)",39.570383,-79.3518657
9B4,"Garrett County, Maryland",393 BUMBLE BEE RD,9,B,4,"393 BUMBLE BEE RD, Garrett County, Maryland","393, Bumble Bee Road, McHenry, Garrett County, Maryland, 21520, United States","(39.56255588888889, -79.34218411111111)",39.56255589,-79.34218411
9AB5,"Garrett County, Maryland",278 WAGNER ROAD,9,AB,5,"278 WAGNER ROAD, Garrett County, Maryland","278, Wagner Road, Garrett County, Maryland, 21541, United States","(39.5647558780191, -79.3209596546377)",39.56475588,-79.32095965
9AB6,"Garrett County, Maryland",165 MOORS HOLLOW dr,9,AB,6,"165 MOORS HOLLOW dr, Garrett County, Maryland","165, Moors Hollow Drive, McHenry, Garrett County, Maryland, 21541, United States","(39.559776406594146, -79.35191632876422)",39.55977641,-79.35191633
9AB7,"Garrett County, Maryland",62 BRIGHT PASSAGE,9,AB,7,"62 BRIGHT PASSAGE, Garrett County, Maryland","62, Bright Passage, Garrett County, Maryland, 21541, United States","(39.54367298153047, -79.36260904504556)",39.54367298,-79.36260905
9AB8,"Garrett County, Maryland",758 Wisp Mountain Rd,9,AB,8,"758 Wisp Mountain Rd, Garrett County, Maryland","758, Wisp Mountain Road, McHenry, Garrett County, Maryland, 21541, United States","(39.5393378341778, -79.36153562466025)",39.53933783,-79.36153562
9AB9,"Garrett County, Maryland",209 HIGHLINE DR.,9,AB,9,"209 HIGHLINE DR., Garrett County, Maryland","209, Highline Drive, Garrett County, Maryland, 21541, United States","(39.54410027391064, -79.36470995926686)",39.54410027,-79.36470996
9AB10,"Garrett County, Maryland",268 HIGHLINE DR. ,9,AB,10,"268 HIGHLINE DR. , Garrett County, Maryland","268, Highline Drive, Garrett County, Maryland, 21541, United States","(39.54321642425094, -79.36474316080367)",39.54321642,-79.36474316
9AB11,"Garrett County, Maryland",53 SNOWSHOE CT.,9,AB,11,"53 SNOWSHOE CT., Garrett County, Maryland","53, Snowshoe Court, Garrett County, Maryland, 21541, United States","(39.544227116155426, -79.36653942713174)",39.54422712,-79.36653943
9AB12,"Garrett County, Maryland",184 BOULDER RIDGE,9,AB,12,"184 BOULDER RIDGE, Garrett County, Maryland","184, Boulder Ridge Drive, McHenry, Garrett County, Maryland, 21541, United States","(39.54676343070651, -79.36559052998436)",39.54676343,-79.36559053
9B13,"Garrett County, Maryland",142 LOWER CAMP RD,9,B,13,"142 LOWER CAMP RD, Garrett County, Maryland","142, Lower Camp Road, Garrett County, Maryland, 21541, United States","(39.54688064534764, -79.37628421446747)",39.54688065,-79.37628421
9AB14,"Garrett County, Maryland",55 LITTLE DIPPER ct,9,AB,14,"55 LITTLE DIPPER ct, Garrett County, Maryland","55, Little Dipper Court, Garrett County, Maryland, 21541, United States","(39.54564001283433, -79.37567116394631)",39.54564001,-79.37567116
9AB15,"Garrett County, Maryland",59 LITTLE DIPPER ct,9,AB,15,"59 LITTLE DIPPER ct, Garrett County, Maryland","59, Little Dipper Court, Garrett County, Maryland, 21541, United States","(39.54561681306984, -79.3756699329384)",39.54561681,-79.37566993
9AB16,"Garrett County, Maryland",2921 SHINGLE CAMP RD.,9,AB,16,"2921 SHINGLE CAMP RD., Garrett County, Maryland","2921, Shingle Camp Road, Sandy Beach, Garrett County, Maryland, 21550, United States","(39.52335198774347, -79.35815695856368)",39.52335199,-79.35815696
9B17,"Garrett County, Maryland",3445 SHINGLE CAMP RD,9,B,17,"3445 SHINGLE CAMP RD, Garrett County, Maryland","3445, Shingle Camp Road, Sandy Beach, Garrett County, Maryland, 21550, United States","(39.51603052946753, -79.36018334327903)",39.51603053,-79.36018334
9AB18,"Garrett County, Maryland",142 FERN LOOP,9,AB,18,"142 FERN LOOP, Garrett County, Maryland","142, Fern Loop, Garrett County, Maryland, 21541, United States","(39.52755128491226, -79.36587985156683)",39.52755128,-79.36587985
9AB19,"Garrett County, Maryland",845 FERN LOOP,9,AB,19,"845 FERN LOOP, Garrett County, Maryland","845, Fern Loop, Garrett County, Maryland, 21541, United States","(39.52741958473734, -79.36552247992593)",39.52741958,-79.36552248
9AB20,"Garrett County, Maryland",128 SANDSTONE CIRCLE,9,AB,20,"128 SANDSTONE CIRCLE, Garrett County, Maryland","128, Sandstone Circle, Garrett County, Maryland, 21541, United States","(39.53021408882, -79.36769333259099)",39.53021409,-79.36769333
9AB21,"Garrett County, Maryland",360 BILTMORE VIEW ,9,AB,21,"360 BILTMORE VIEW , Garrett County, Maryland","360, Biltmore View, Garrett County, Maryland, 21541, United States","(39.537249308522334, -79.37113842552436)",39.53724931,-79.37113843
11AB1,"Garrett County, Maryland",125 UPPER CAMP RD,11,AB,1,"125 UPPER CAMP RD, Garrett County, Maryland","125, Upper Camp Road, Garrett County, Maryland, 21541, United States","(39.54623003460084, -79.37815150440129)",39.54623003,-79.3781515
11B2,"Garrett County, Maryland",147 UPPER CAMP RD,11,B,2,"147 UPPER CAMP RD, Garrett County, Maryland","147, Upper Camp Road, Garrett County, Maryland, 21541, United States","(39.54622837717185, -79.37772361089095)",39.54622838,-79.37772361
11AB3,"Garrett County, Maryland",11 BIG DIPPER ,11,AB,3,"11 BIG DIPPER , Garrett County, Maryland","11, Big Dipper Court, Garrett County, Maryland, 21541, United States","(39.54572878451352, -79.37690010350036)",39.54572878,-79.3769001
11B4,"Garrett County, Maryland",34 little dipper,11,B,4,"34 little dipper, Garrett County, Maryland","34, Little Dipper Court, Garrett County, Maryland, 21541, United States","(39.54569078896151, -79.37589532298651)",39.54569079,-79.37589532
11AB5,"Garrett County, Maryland",40 BIG DIPPER COURT,11,AB,5,"40 BIG DIPPER COURT, Garrett County, Maryland","40, Big Dipper Court, Garrett County, Maryland, 21541, United States","(39.54552196964854, -79.37717583748186)",39.54552197,-79.37717584
11B6,"Garrett County, Maryland",45 BIG DIPPER COURT,11,B,6,"45 BIG DIPPER COURT, Garrett County, Maryland","45, Big Dipper Court, Garrett County, Maryland, 21541, United States","(39.54538623773593, -79.37699552830185)",39.54538624,-79.37699553
11B7,"Garrett County, Maryland",22 NORTH CAMP,11,B,7,"22 NORTH CAMP, Garrett County, Maryland","22, North Camp Road, Garrett County, Maryland, 21541, United States","(39.54430363793002, -79.37791776861982)",39.54430364,-79.37791777
11AB8,"Garrett County, Maryland",198 NORTH CAMP,11,AB,8,"198 NORTH CAMP, Garrett County, Maryland","198, North Camp Road, Garrett County, Maryland, 21541, United States","(39.54447133172431, -79.38117888498505)",39.54447133,-79.38117888
11AB9,"Garrett County, Maryland",148 ROCKY CAMP RD,11,AB,9,"148 ROCKY CAMP RD, Garrett County, Maryland","148, Rocky Camp Road, Garrett County, Maryland, 21541, United States","(39.54502702036475, -79.3829035922152)",39.54502702,-79.38290359
11AB10,"Garrett County, Maryland",fork run yellow,11,AB,10,"fork run yellow, Garrett County, Maryland","Fork Run Recreation Area, Yellow Trail, Hoyes Run, Garrett County, Maryland, 21541, United States","(39.53521385, -79.38984979641168)",39.53521385,-79.3898498
11AB11,"Garrett County, Maryland",111 WESTWARD WAY,11,AB,11,"111 WESTWARD WAY, Garrett County, Maryland","111, Westward Way, Garrett County, Maryland, 21541, United States","(39.53329301145904, -79.36128055923366)",39.53329301,-79.36128056
11AB12,"Garrett County, Maryland",612 MOUNTAIN TOP ROAD,11,AB,12,"612 MOUNTAIN TOP ROAD, Garrett County, Maryland","612, Mountain Top Road, Garrett County, Maryland, 21541, United States","(39.53199022249475, -79.35484382644078)",39.53199022,-79.35484383
11AB13,"Garrett County, Maryland",50 Mountain OVERLOOK COURT ,11,AB,13,"50 Mountain OVERLOOK COURT , Garrett County, Maryland","50, Mountain Overlook Court, Garrett County, Maryland, 21541, United States","(39.53793524324324, -79.35891124324324)",39.53793524,-79.35891124
11AB14,"Garrett County, Maryland",300 DEEP CREEK HIGHLANDS,11,AB,14,"300 DEEP CREEK HIGHLANDS, Garrett County, Maryland","Deep Creek Highlands Road, Garrett County, Maryland, 21541:21550, United States","(39.5324052, -79.3532171)",39.5324052,-79.3532171
11AB15,"Garrett County, Maryland",501 DEEP CREEK HIGHLANDS ,11,AB,15,"501 DEEP CREEK HIGHLANDS , Garrett County, Maryland","501, Deep Creek Highlands Road, Garrett County, Maryland, 21541, United States","(39.5331676228165, -79.3536217614395)",39.53316762,-79.35362176
11AB16,"Garrett County, Maryland",659 HIGHLAND DR. ,11,AB,16,"659 HIGHLAND DR. , Garrett County, Maryland","Highland Drive, Garrett County, Maryland, 21550, United States","(39.4072262, -79.3903303)",39.4072262,-79.3903303
11B17,"Garrett County, Maryland",80 WISP Mountain Rd,11,B,17,"80 WISP Mountain Rd, Garrett County, Maryland","80, Wisp Mountain Road, McHenry, Garrett County, Maryland, 21550, United States","(39.53411403875397, -79.36478435206028)",39.53411404,-79.36478435
11AB18,"Garrett County, Maryland","99, Shingle Camp Terrace",11,AB,18,"99, Shingle Camp Terrace, Garrett County, Maryland","99, Shingle Camp Terrace, Garrett County, Maryland, 21541, United States","(39.528243, -79.360485)",39.528243,-79.360485
11AB19,"Garrett County, Maryland","99, Shingle Camp Terrace",11,AB,19,"99, Shingle Camp Terrace, Garrett County, Maryland","99, Shingle Camp Terrace, Garrett County, Maryland, 21541, United States","(39.528243, -79.360485)",39.528243,-79.360485
11B20,"Garrett County, Maryland",118 SHINGLE CAMP TERRACE,11,B,20,"118 SHINGLE CAMP TERRACE, Garrett County, Maryland","Shingle Camp Terrace, Garrett County, Maryland, 21550, United States","(39.5272591, -79.3587961)",39.5272591,-79.3587961
11B21,"Garrett County, Maryland",3285 SHINGLE CAMP ,11,B,21,"3285 SHINGLE CAMP , Garrett County, Maryland","3285, Shingle Camp Road, Sandy Beach, Garrett County, Maryland, 21550, United States","(39.51826375372375, -79.35919603244105)",39.51826375,-79.35919603
12AB1,"Garrett County, Maryland",1196 STOCKSLAGER RD,12,AB,1,"1196 STOCKSLAGER RD, Garrett County, Maryland","1196, Stockslager Road, Sandy Beach, Garrett County, Maryland, 21550, United States","(39.515839851883136, -79.38566924726597)",39.51583985,-79.38566925
12AB2,"Garrett County, Maryland",1342 STOCKSLAGER RD,12,AB,2,"1342 STOCKSLAGER RD, Garrett County, Maryland","1342, Stockslager Road, Sandy Beach, Garrett County, Maryland, 21550, United States","(39.51759137734826, -79.38419816562299)",39.51759138,-79.38419817
12AB3,"Garrett County, Maryland",1492 STOCKSLAGER RD,12,AB,3,"1492 STOCKSLAGER RD, Garrett County, Maryland","1492, Stockslager Road, Sandy Beach, Garrett County, Maryland, 21550, United States","(39.519914089349086, -79.38381870785145)",39.51991409,-79.38381871
12A4,"Garrett County, Maryland",167 Penelacre Ln,12,A,4,"167 Penelacre Ln, Garrett County, Maryland","167, Penelacre Lane, Sandy Beach, Garrett County, Maryland, 21550, United States","(39.51668393833773, -79.37246386667661)",39.51668394,-79.37246387
12AB5,"Garrett County, Maryland",2742 STOCKSLAGER RD,12,AB,5,"2742 STOCKSLAGER RD, Garrett County, Maryland","2742, Stockslager Road, Sandy Beach, Garrett County, Maryland, 21550, United States","(39.51282023637945, -79.36963739194618)",39.51282024,-79.36963739
12AB6,"Garrett County, Maryland",41 SANDY BEACH,12,AB,6,"41 SANDY BEACH, Garrett County, Maryland","Sandy Beach, Garrett County, Maryland, 21541:21550, United States","(39.5109759, -79.3684403)",39.5109759,-79.3684403
12AB7,"Garrett County, Maryland",6095 OAKLAND SANG RUN ,12,AB,7,"6095 OAKLAND SANG RUN , Garrett County, Maryland","6095, Oakland Sang Run Road, Oakland, Garrett County, Maryland, 21550, United States","(39.506620963966284, -79.40883839084331)",39.50662096,-79.40883839
12AB8,"Garrett County, Maryland",281 SKIPPERS POINT ,12,AB,8,"281 SKIPPERS POINT , Garrett County, Maryland","281, Skippers Point Road, Garrett County, Maryland, 21550, United States","(39.51211050023927, -79.38186421816529)",39.5121105,-79.38186422
12AB9,"Garrett County, Maryland",403 SKIPPERS POINT,12,AB,9,"403 SKIPPERS POINT, Garrett County, Maryland","403, Skippers Point Road, Garrett County, Maryland, 21550, United States","(39.51374618257835, -79.38044192018485)",39.51374618,-79.38044192
12AB10,"Garrett County, Maryland",115 AUTUMN WAY,12,AB,10,"115 AUTUMN WAY, Garrett County, Maryland","115, Autumn Way, Garrett County, Maryland, 21550, United States","(39.50628429903459, -79.38686418030272)",39.5062843,-79.38686418
12AB11,"Garrett County, Maryland",128 WILD TURKEY LANE,12,AB,11,"128 WILD TURKEY LANE, Garrett County, Maryland","128, Wild Turkey Lane, Garrett County, Maryland, 21550, United States","(39.506315384232664, -79.38518001266792)",39.50631538,-79.38518001
12AB12,"Garrett County, Maryland",40 BRAY HILL,12,AB,12,"40 BRAY HILL, Garrett County, Maryland","40, Bray Hill Lane, McComas Beach, Garrett County, Maryland, 21550, United States","(39.50370033435258, -79.3814657532151)",39.50370033,-79.38146575
12AB13,"Garrett County, Maryland",36 LAKE FOREST DRIVE,12,AB,13,"36 LAKE FOREST DRIVE, Garrett County, Maryland","36, Lake Forest Drive, McComas Beach, Garrett County, Maryland, 21550, United States","(39.502651257691426, -79.37775597014956)",39.50265126,-79.37775597
12AB14,"Garrett County, Maryland",88 LAKE FOREST DRIVE,12,AB,14,"88 LAKE FOREST DRIVE, Garrett County, Maryland","88, Lake Forest Drive, McComas Beach, Garrett County, Maryland, 21550, United States","(39.50316452005349, -79.3783936169262)",39.50316452,-79.37839362
12AB15,"Garrett County, Maryland",30 LAKE FOREST DRIVE,12,AB,15,"30 LAKE FOREST DRIVE, Garrett County, Maryland","30, Lake Forest Drive, McComas Beach, Garrett County, Maryland, 21550, United States","(39.50258659934219, -79.37768709495147)",39.5025866,-79.37768709
12AB16,"Garrett County, Maryland", 246 McComas Beach Terrace,12,AB,16," 246 McComas Beach Terrace, Garrett County, Maryland","246, McComas Beach Terrace, McComas Beach, Garrett County, Maryland, 21550, United States","(39.50194327878323, -79.37116675849465)",39.50194328,-79.37116676
12A17,"Garrett County, Maryland",2431 MAYHEW INN RD,12,A,17,"2431 MAYHEW INN RD, Garrett County, Maryland","2431, Mayhew Inn Road, McComas Beach, Garrett County, Maryland, 21550, United States","(39.49765510910492, -79.37136975717763)",39.49765511,-79.37136976
12A18,"Garrett County, Maryland",2560 MAYHEW INN ROAD,12,A,18,"2560 MAYHEW INN ROAD, Garrett County, Maryland","2560, Mayhew Inn Road, McComas Beach, Garrett County, Maryland, 21550, United States","(39.49948468248092, -79.37317013143523)",39.49948468,-79.37317013
